FisheriesGuild,Year,Metric,Value
benthic,1980,F_FMEAN,1.07152778809442
benthic,1981,F_FMEAN,1.1301345951005
benthic,1982,F_FMEAN,1.2063234442084
benthic,1983,F_FMEAN,1.33525841962177
benthic,1984,F_FMEAN,0.933801791630146
benthic,1985,F_FMEAN,0.947965103323281
benthic,1986,F_FMEAN,0.972035756200776
benthic,1987,F_FMEAN,1.05045724557557
benthic,1988,F_FMEAN,1.31865315763671
benthic,1989,F_FMEAN,1.315025117203
benthic,1990,F_FMEAN,1.17911314095558
benthic,1991,F_FMEAN,1.17632234062196
benthic,1992,F_FMEAN,1.26116267076409
benthic,1993,F_FMEAN,1.16683361948764
benthic,1994,F_FMEAN,1.19027634229007
benthic,1995,F_FMEAN,1.10152889168087
benthic,1996,F_FMEAN,1.05994596670989
benthic,1997,F_FMEAN,1.00273455987063
benthic,1998,F_FMEAN,0.990734118436048
benthic,1999,F_FMEAN,0.984594357702078
benthic,2000,F_FMEAN,0.903102987960296
benthic,2001,F_FMEAN,0.90226574786021
benthic,2002,F_FMEAN,0.922638590295655
benthic,2003,F_FMEAN,1.14722824714394
benthic,2004,F_FMEAN,1.19142754742769
benthic,2005,F_FMEAN,1.2092537845587
benthic,2006,F_FMEAN,1.13843722609303
benthic,2007,F_FMEAN,1.07934202902857
benthic,2008,F_FMEAN,0.956756124374192
benthic,2009,F_FMEAN,0.889358296317205
benthic,2010,F_FMEAN,0.846135776150224
benthic,2011,F_FMEAN,0.833681829661432
benthic,2012,F_FMEAN,0.845891581121032
benthic,2013,F_FMEAN,0.856147772347095
benthic,2014,F_FMEAN,0.876904349828414
benthic,2015,F_FMEAN,0.843693825858304
benthic,2016,F_FMEAN,0.723549871495848
benthic,2017,F_FMEAN,0.605847867425312
benthic,2018,F_FMEAN,0.519402827091349
benthic,1980,F_FMSY,1.01875
benthic,1981,F_FMSY,1.09625
benthic,1982,F_FMSY,1.21125
benthic,1983,F_FMSY,1.45458333333333
benthic,1984,F_FMSY,1.26301721402507
benthic,1985,F_FMSY,1.31769464937331
benthic,1986,F_FMSY,1.7304470514275
benthic,1987,F_FMSY,1.8127538080755
benthic,1988,F_FMSY,2.31009338984538
benthic,1989,F_FMSY,2.30967343359526
benthic,1990,F_FMSY,2.03438170065964
benthic,1991,F_FMSY,2.02717146685354
benthic,1992,F_FMSY,2.17663961833744
benthic,1993,F_FMSY,1.86663617367695
benthic,1994,F_FMSY,1.90306215734266
benthic,1995,F_FMSY,1.77521885574545
benthic,1996,F_FMSY,1.72138290055956
benthic,1997,F_FMSY,1.63776910057969
benthic,1998,F_FMSY,1.69324041658302
benthic,1999,F_FMSY,1.69285492094607
benthic,2000,F_FMSY,1.58686220213906
benthic,2001,F_FMSY,1.61638140431256
benthic,2002,F_FMSY,1.6187910441629
benthic,2003,F_FMSY,1.53444683089621
benthic,2004,F_FMSY,1.6062599656541
benthic,2005,F_FMSY,1.67035432790484
benthic,2006,F_FMSY,1.62826937592164
benthic,2007,F_FMSY,1.48321919407657
benthic,2008,F_FMSY,1.29584065022026
benthic,2009,F_FMSY,1.23041861604269
benthic,2010,F_FMSY,1.14914271356396
benthic,2011,F_FMSY,1.18463977820414
benthic,2012,F_FMSY,1.17837907558706
benthic,2013,F_FMSY,1.19041464302772
benthic,2014,F_FMSY,1.3268731155288
benthic,2015,F_FMSY,1.29424749007029
benthic,2016,F_FMSY,1.00184752850234
benthic,2017,F_FMSY,0.847908587781094
benthic,2018,F_FMSY,0.710831724981043
benthic,1980,SSB_MSYBtrigger,2.16765398694891
benthic,1981,SSB_MSYBtrigger,2.32275346172211
benthic,1982,SSB_MSYBtrigger,2.39508992519497
benthic,1983,SSB_MSYBtrigger,2.34577431163457
benthic,1984,SSB_MSYBtrigger,1.71587319699482
benthic,1985,SSB_MSYBtrigger,1.61020845125963
benthic,1986,SSB_MSYBtrigger,1.69312556530118
benthic,1987,SSB_MSYBtrigger,1.81576660968619
benthic,1988,SSB_MSYBtrigger,1.80439742492849
benthic,1989,SSB_MSYBtrigger,1.58483493384359
benthic,1990,SSB_MSYBtrigger,1.47207206337001
benthic,1991,SSB_MSYBtrigger,1.32624850664572
benthic,1992,SSB_MSYBtrigger,1.2836287330245
benthic,1993,SSB_MSYBtrigger,1.25516902634832
benthic,1994,SSB_MSYBtrigger,1.15783388686458
benthic,1995,SSB_MSYBtrigger,1.11731333943803
benthic,1996,SSB_MSYBtrigger,1.18809009674457
benthic,1997,SSB_MSYBtrigger,1.22360820933524
benthic,1998,SSB_MSYBtrigger,1.33734230877777
benthic,1999,SSB_MSYBtrigger,1.26242251629875
benthic,2000,SSB_MSYBtrigger,1.16645019410996
benthic,2001,SSB_MSYBtrigger,1.02145810965898
benthic,2002,SSB_MSYBtrigger,0.925507443484994
benthic,2003,SSB_MSYBtrigger,0.9534751223583
benthic,2004,SSB_MSYBtrigger,0.966036325940624
benthic,2005,SSB_MSYBtrigger,0.987665322422775
benthic,2006,SSB_MSYBtrigger,1.05137357516651
benthic,2007,SSB_MSYBtrigger,1.14354457997042
benthic,2008,SSB_MSYBtrigger,1.22080348596021
benthic,2009,SSB_MSYBtrigger,1.2578739707538
benthic,2010,SSB_MSYBtrigger,1.29793035677567
benthic,2011,SSB_MSYBtrigger,1.38916012308595
benthic,2012,SSB_MSYBtrigger,1.53596591271887
benthic,2013,SSB_MSYBtrigger,1.56326067418692
benthic,2014,SSB_MSYBtrigger,1.67484067981423
benthic,2015,SSB_MSYBtrigger,1.74638415614
benthic,2016,SSB_MSYBtrigger,1.93443440817145
benthic,2017,SSB_MSYBtrigger,2.04716775237961
benthic,2018,SSB_MSYBtrigger,2.1859860181456
benthic,2019,SSB_MSYBtrigger,2.43446822332592
benthic,1980,SSB_SSBMEAN,0.628632061809568
benthic,1981,SSB_SSBMEAN,0.729758709493219
benthic,1982,SSB_SSBMEAN,0.763982231482852
benthic,1983,SSB_SSBMEAN,0.683698480650029
benthic,1984,SSB_SSBMEAN,1.95777415893074
benthic,1985,SSB_SSBMEAN,1.99219067070603
benthic,1986,SSB_SSBMEAN,1.53405436286862
benthic,1987,SSB_SSBMEAN,1.63098884354164
benthic,1988,SSB_SSBMEAN,1.50035620196216
benthic,1989,SSB_SSBMEAN,1.30739858127061
benthic,1990,SSB_SSBMEAN,1.16169129310047
benthic,1991,SSB_SSBMEAN,1.16492923283758
benthic,1992,SSB_SSBMEAN,1.15447561944789
benthic,1993,SSB_SSBMEAN,1.2062612119322
benthic,1994,SSB_SSBMEAN,1.15042283394912
benthic,1995,SSB_SSBMEAN,1.19831646575604
benthic,1996,SSB_SSBMEAN,1.16684840903938
benthic,1997,SSB_SSBMEAN,1.20760141877704
benthic,1998,SSB_SSBMEAN,1.23080307967477
benthic,1999,SSB_SSBMEAN,1.09082115514575
benthic,2000,SSB_SSBMEAN,1.00904709430147
benthic,2001,SSB_SSBMEAN,1.01482606621639
benthic,2002,SSB_SSBMEAN,0.927112208635815
benthic,2003,SSB_SSBMEAN,0.903867661119047
benthic,2004,SSB_SSBMEAN,0.854451554336398
benthic,2005,SSB_SSBMEAN,0.880816103387935
benthic,2006,SSB_SSBMEAN,0.905347249475742
benthic,2007,SSB_SSBMEAN,0.962172019696623
benthic,2008,SSB_SSBMEAN,1.07216547586568
benthic,2009,SSB_SSBMEAN,1.24488061237289
benthic,2010,SSB_SSBMEAN,1.21315523594202
benthic,2011,SSB_SSBMEAN,1.1308236490503
benthic,2012,SSB_SSBMEAN,1.18718738811655
benthic,2013,SSB_SSBMEAN,1.23984143463632
benthic,2014,SSB_SSBMEAN,1.41028358033469
benthic,2015,SSB_SSBMEAN,1.43714132550512
benthic,2016,SSB_SSBMEAN,1.54921478269736
benthic,2017,SSB_SSBMEAN,1.66184576593705
benthic,2018,SSB_SSBMEAN,1.98641169879111
benthic,2019,SSB_SSBMEAN,2.26095039054128
crustacean,1990,F_FMEAN,0.405728716687712
crustacean,1991,F_FMEAN,0.437407235107773
crustacean,1992,F_FMEAN,0.473959371746306
crustacean,1993,F_FMEAN,0.346026893511442
crustacean,1994,F_FMEAN,0.413039144015418
crustacean,1995,F_FMEAN,0.438625639662391
crustacean,1996,F_FMEAN,0.489798630956337
crustacean,1997,F_FMEAN,0.567776522451873
crustacean,1998,F_FMEAN,0.846791165459339
crustacean,1999,F_FMEAN,0.799273387829246
crustacean,2000,F_FMEAN,0.984470880131145
crustacean,2001,F_FMEAN,0.762112048913405
crustacean,2002,F_FMEAN,0.607983872754259
crustacean,2003,F_FMEAN,0.497718260561352
crustacean,2004,F_FMEAN,0.701801023459826
crustacean,2005,F_FMEAN,0.566558117897255
crustacean,2006,F_FMEAN,0.448372876099333
crustacean,2007,F_FMEAN,0.45020048293126
crustacean,2008,F_FMEAN,0.366739770939944
crustacean,2009,F_FMEAN,0.288761879444408
crustacean,2010,F_FMEAN,0.255255754192419
crustacean,2011,F_FMEAN,0.291807890830952
crustacean,2012,F_FMEAN,0.357601736780311
crustacean,2013,F_FMEAN,0.29850911588135
crustacean,2014,F_FMEAN,0.274141024788994
crustacean,2015,F_FMEAN,0.230278460822755
crustacean,2016,F_FMEAN,0.310083959150218
crustacean,2017,F_FMEAN,0.65062803216588
crustacean,2018,F_FMEAN,0.561684499678784
crustacean,1990,F_FMSY,2.08125
crustacean,1991,F_FMSY,2.24375
crustacean,1992,F_FMSY,2.43125
crustacean,1993,F_FMSY,1.775
crustacean,1994,F_FMSY,2.11875
crustacean,1995,F_FMSY,2.25
crustacean,1996,F_FMSY,2.5125
crustacean,1997,F_FMSY,2.9125
crustacean,1998,F_FMSY,1.64
crustacean,1999,F_FMSY,1.55375
crustacean,2000,F_FMSY,1.627
crustacean,2001,F_FMSY,1.410375
crustacean,2002,F_FMSY,1.05025
crustacean,2003,F_FMSY,0.936125
crustacean,2004,F_FMSY,1.229625
crustacean,2005,F_FMSY,1.003125
crustacean,2006,F_FMSY,0.879875
crustacean,2007,F_FMSY,0.765875
crustacean,2008,F_FMSY,0.623875
crustacean,2009,F_FMSY,0.5205
crustacean,2010,F_FMSY,0.388
crustacean,2011,F_FMSY,0.418
crustacean,2012,F_FMSY,0.45625
crustacean,2013,F_FMSY,0.384125
crustacean,2014,F_FMSY,0.38775
crustacean,2015,F_FMSY,0.315
crustacean,2016,F_FMSY,0.57263961038961
crustacean,2017,F_FMSY,0.813688311688312
crustacean,2018,F_FMSY,0.556409090909091
demersal,1978,F_FMEAN,0.933996355437502
demersal,1979,F_FMEAN,1.00318127065509
demersal,1980,F_FMEAN,1.17614355869908
demersal,1981,F_FMEAN,1.19343978750347
demersal,1982,F_FMEAN,0.933996355437502
demersal,1983,F_FMEAN,0.961670321524539
demersal,1984,F_FMEAN,0.994533156252896
demersal,1985,F_FMEAN,1.09744571763906
demersal,1986,F_FMEAN,1.21506007350897
demersal,1987,F_FMEAN,1.34824103530284
demersal,1988,F_FMEAN,1.4814219970967
demersal,1989,F_FMEAN,1.54801247799364
demersal,1990,F_FMEAN,1.53504030639034
demersal,1991,F_FMEAN,1.48747567717824
demersal,1992,F_FMEAN,1.65178985082003
demersal,1993,F_FMEAN,1.73654137196158
demersal,1994,F_FMEAN,1.7503783550051
demersal,1995,F_FMEAN,2.0547919819625
demersal,1996,F_FMEAN,1.90085554560336
demersal,1997,F_FMEAN,1.98906631250579
demersal,1998,F_FMEAN,1.71492108595608
demersal,1999,F_FMEAN,1.57568644408067
demersal,2000,F_FMEAN,1.60509003304815
demersal,2001,F_FMEAN,1.44250548228681
demersal,2002,F_FMEAN,1.46239614541187
demersal,2003,F_FMEAN,1.48401643141736
demersal,2004,F_FMEAN,1.39321123019427
demersal,2005,F_FMEAN,1.56703832967848
demersal,2006,F_FMEAN,1.58606418136331
demersal,2007,F_FMEAN,1.5549309695154
demersal,2008,F_FMEAN,1.40445377891713
demersal,2009,F_FMEAN,1.33959292090064
demersal,2010,F_FMEAN,1.00664051641597
demersal,2011,F_FMEAN,1.02393674522037
demersal,2012,F_FMEAN,0.981560984649597
demersal,2013,F_FMEAN,0.875189177502548
demersal,2014,F_FMEAN,0.961670321524539
demersal,2015,F_FMEAN,0.881242857584088
demersal,2016,F_FMEAN,0.927077863915743
demersal,2017,F_FMEAN,0.75930444451308
demersal,2018,F_FMEAN,0.705686135219446
demersal,1978,F_FMSY,2
demersal,1979,F_FMSY,2.14814814814815
demersal,1980,F_FMSY,2.51851851851852
demersal,1981,F_FMSY,2.55555555555556
demersal,1982,F_FMSY,2.05333333333333
demersal,1983,F_FMSY,2.12474074074074
demersal,1984,F_FMSY,2.1962962962963
demersal,1985,F_FMSY,2.02165482489292
demersal,1986,F_FMSY,2.21117157974301
demersal,1987,F_FMSY,2.4021738473167
demersal,1988,F_FMSY,2.59291408415218
demersal,1989,F_FMSY,2.6822373393802
demersal,1990,F_FMSY,2.61646258503401
demersal,1991,F_FMSY,2.55350970017637
demersal,1992,F_FMSY,2.80017132779038
demersal,1993,F_FMSY,2.91699067775258
demersal,1994,F_FMSY,2.9516875787352
demersal,1995,F_FMSY,3.40965280927186
demersal,1996,F_FMSY,3.19529755605946
demersal,1997,F_FMSY,3.33700176366843
demersal,1998,F_FMSY,2.91951524313429
demersal,1999,F_FMSY,2.67862534643487
demersal,2000,F_FMSY,2.73532678256488
demersal,2001,F_FMSY,2.48240262030738
demersal,2002,F_FMSY,2.50714336104812
demersal,2003,F_FMSY,2.55581557067271
demersal,2004,F_FMSY,2.39404686318972
demersal,2005,F_FMSY,2.68532728647014
demersal,2006,F_FMSY,2.7299793398841
demersal,2007,F_FMSY,2.67825044091711
demersal,2008,F_FMSY,2.45463542454019
demersal,2009,F_FMSY,2.32468329554044
demersal,2010,F_FMSY,1.82616477702192
demersal,2011,F_FMSY,1.89981557067271
demersal,2012,F_FMSY,1.84312925170068
demersal,2013,F_FMSY,1.66379037540942
demersal,2014,F_FMSY,1.84709095490048
demersal,2015,F_FMSY,1.66520231796422
demersal,2016,F_FMSY,1.73216024187453
demersal,2017,F_FMSY,1.46879717813051
demersal,2018,F_FMSY,1.40912874779541
demersal,1978,SSB_MSYBtrigger,1.28039285714286
demersal,1979,SSB_MSYBtrigger,1.64098214285714
demersal,1980,SSB_MSYBtrigger,1.682875
demersal,1981,SSB_MSYBtrigger,1.43155357142857
demersal,1982,SSB_MSYBtrigger,2.4265851029601
demersal,1983,SSB_MSYBtrigger,2.62465234877735
demersal,1984,SSB_MSYBtrigger,2.61817052767053
demersal,1985,SSB_MSYBtrigger,2.20955928231683
demersal,1986,SSB_MSYBtrigger,1.98831134346235
demersal,1987,SSB_MSYBtrigger,1.79052519945641
demersal,1988,SSB_MSYBtrigger,1.50673911123492
demersal,1989,SSB_MSYBtrigger,1.28391116236083
demersal,1990,SSB_MSYBtrigger,1.15775850730884
demersal,1991,SSB_MSYBtrigger,1.16510393327172
demersal,1992,SSB_MSYBtrigger,1.13394725886001
demersal,1993,SSB_MSYBtrigger,1.04978844772385
demersal,1994,SSB_MSYBtrigger,0.884252537652706
demersal,1995,SSB_MSYBtrigger,0.811985824990859
demersal,1996,SSB_MSYBtrigger,0.865487659399572
demersal,1997,SSB_MSYBtrigger,0.751756422050046
demersal,1998,SSB_MSYBtrigger,0.66997399436829
demersal,1999,SSB_MSYBtrigger,0.727860034291242
demersal,2000,SSB_MSYBtrigger,0.794799124867917
demersal,2001,SSB_MSYBtrigger,0.860251704125026
demersal,2002,SSB_MSYBtrigger,0.90487008592965
demersal,2003,SSB_MSYBtrigger,0.917227588686481
demersal,2004,SSB_MSYBtrigger,0.954569327836945
demersal,2005,SSB_MSYBtrigger,0.95977560146436
demersal,2006,SSB_MSYBtrigger,0.948139764164932
demersal,2007,SSB_MSYBtrigger,1.03525448039123
demersal,2008,SSB_MSYBtrigger,1.06735995979201
demersal,2009,SSB_MSYBtrigger,1.25586037331675
demersal,2010,SSB_MSYBtrigger,1.56880832354406
demersal,2011,SSB_MSYBtrigger,2.0916858216078
demersal,2012,SSB_MSYBtrigger,2.18896626192348
demersal,2013,SSB_MSYBtrigger,2.12783011331082
demersal,2014,SSB_MSYBtrigger,2.27520429921772
demersal,2015,SSB_MSYBtrigger,2.43845019492167
demersal,2016,SSB_MSYBtrigger,2.62967550472332
demersal,2017,SSB_MSYBtrigger,2.56908783135964
demersal,2018,SSB_MSYBtrigger,2.52023469706523
demersal,2019,SSB_MSYBtrigger,2.57620702041927
demersal,1978,SSB_SSBMEAN,2.34520993816458
demersal,1979,SSB_SSBMEAN,3.00567720938933
demersal,1980,SSB_SSBMEAN,3.08240955318635
demersal,1981,SSB_SSBMEAN,2.62208090587208
demersal,1982,SSB_SSBMEAN,1.72549650341514
demersal,1983,SSB_SSBMEAN,1.77763263129768
demersal,1984,SSB_SSBMEAN,1.94781097092936
demersal,1985,SSB_SSBMEAN,1.89865124683433
demersal,1986,SSB_SSBMEAN,1.53929137415834
demersal,1987,SSB_SSBMEAN,1.25388368789542
demersal,1988,SSB_SSBMEAN,1.14797604543388
demersal,1989,SSB_SSBMEAN,1.02028505217575
demersal,1990,SSB_SSBMEAN,0.915538534268692
demersal,1991,SSB_SSBMEAN,0.90152327028019
demersal,1992,SSB_SSBMEAN,0.862650128505782
demersal,1993,SSB_SSBMEAN,0.808142689913396
demersal,1994,SSB_SSBMEAN,0.616900569631559
demersal,1995,SSB_SSBMEAN,0.574920193133913
demersal,1996,SSB_SSBMEAN,0.681056789732949
demersal,1997,SSB_SSBMEAN,0.569883202108874
demersal,1998,SSB_SSBMEAN,0.464188159917878
demersal,1999,SSB_SSBMEAN,0.546660711019409
demersal,2000,SSB_SSBMEAN,0.611438378065446
demersal,2001,SSB_SSBMEAN,0.700239875682204
demersal,2002,SSB_SSBMEAN,0.716855404518047
demersal,2003,SSB_SSBMEAN,0.71775486720109
demersal,2004,SSB_SSBMEAN,0.799949402564226
demersal,2005,SSB_SSBMEAN,0.779768730730141
demersal,2006,SSB_SSBMEAN,0.674662427749863
demersal,2007,SSB_SSBMEAN,0.794127425924895
demersal,2008,SSB_SSBMEAN,0.880884690171102
demersal,2009,SSB_SSBMEAN,1.24569040054625
demersal,2010,SSB_SSBMEAN,2.10330353802699
demersal,2011,SSB_SSBMEAN,3.38292821252439
demersal,2012,SSB_SSBMEAN,3.77188858440597
demersal,2013,SSB_SSBMEAN,3.78279661367124
demersal,2014,SSB_SSBMEAN,4.07304504455562
demersal,2015,SSB_SSBMEAN,4.7514688617073
demersal,2016,SSB_SSBMEAN,5.32540782282335
demersal,2017,SSB_SSBMEAN,5.10317512464395
demersal,2018,SSB_SSBMEAN,4.80968862810061
demersal,2019,SSB_SSBMEAN,4.951967270691
elasmobranch,1905,SSB_MSYBtrigger,2.37559633564551
elasmobranch,1906,SSB_MSYBtrigger,2.36525009512102
elasmobranch,1907,SSB_MSYBtrigger,2.3626159744783
elasmobranch,1908,SSB_MSYBtrigger,2.36125501214622
elasmobranch,1909,SSB_MSYBtrigger,2.36005502385343
elasmobranch,1910,SSB_MSYBtrigger,2.35809406737495
elasmobranch,1911,SSB_MSYBtrigger,2.35695261509644
elasmobranch,1912,SSB_MSYBtrigger,2.35535750870723
elasmobranch,1913,SSB_MSYBtrigger,2.35212339391811
elasmobranch,1914,SSB_MSYBtrigger,2.34787953288261
elasmobranch,1915,SSB_MSYBtrigger,2.3459332104077
elasmobranch,1916,SSB_MSYBtrigger,2.34420639798636
elasmobranch,1917,SSB_MSYBtrigger,2.34559662832558
elasmobranch,1918,SSB_MSYBtrigger,2.34727953873621
elasmobranch,1919,SSB_MSYBtrigger,2.34877220710042
elasmobranch,1920,SSB_MSYBtrigger,2.34707466268622
elasmobranch,1921,SSB_MSYBtrigger,2.34300640969356
elasmobranch,1922,SSB_MSYBtrigger,2.33784060643311
elasmobranch,1923,SSB_MSYBtrigger,2.3328504112155
elasmobranch,1924,SSB_MSYBtrigger,2.32780167998361
elasmobranch,1925,SSB_MSYBtrigger,2.3220651505839
elasmobranch,1926,SSB_MSYBtrigger,2.31616764714491
elasmobranch,1927,SSB_MSYBtrigger,2.30984575760236
elasmobranch,1928,SSB_MSYBtrigger,2.3023385137706
elasmobranch,1929,SSB_MSYBtrigger,2.29370445166389
elasmobranch,1930,SSB_MSYBtrigger,2.28588989375713
elasmobranch,1931,SSB_MSYBtrigger,2.2748704890684
elasmobranch,1932,SSB_MSYBtrigger,2.26461205256534
elasmobranch,1933,SSB_MSYBtrigger,2.2480024585126
elasmobranch,1934,SSB_MSYBtrigger,2.22726607545292
elasmobranch,1935,SSB_MSYBtrigger,2.20746626862177
elasmobranch,1936,SSB_MSYBtrigger,2.18605672139784
elasmobranch,1937,SSB_MSYBtrigger,2.16776421693447
elasmobranch,1938,SSB_MSYBtrigger,2.14619369567126
elasmobranch,1939,SSB_MSYBtrigger,2.13404747270758
elasmobranch,1940,SSB_MSYBtrigger,2.11991102525829
elasmobranch,1941,SSB_MSYBtrigger,2.1220036877689
elasmobranch,1942,SSB_MSYBtrigger,2.12525243656159
elasmobranch,1943,SSB_MSYBtrigger,2.12580852869728
elasmobranch,1944,SSB_MSYBtrigger,2.12996458571136
elasmobranch,1945,SSB_MSYBtrigger,2.13407674071472
elasmobranch,1946,SSB_MSYBtrigger,2.140032780168
elasmobranch,1947,SSB_MSYBtrigger,2.13985717212515
elasmobranch,1948,SSB_MSYBtrigger,2.13101823396845
elasmobranch,1949,SSB_MSYBtrigger,2.11878420698335
elasmobranch,1950,SSB_MSYBtrigger,2.10198437088419
elasmobranch,1951,SSB_MSYBtrigger,2.08338455234583
elasmobranch,1952,SSB_MSYBtrigger,2.0503409722832
elasmobranch,1953,SSB_MSYBtrigger,2.01104867269588
elasmobranch,1954,SSB_MSYBtrigger,1.97667339830831
elasmobranch,1955,SSB_MSYBtrigger,1.94024936342084
elasmobranch,1956,SSB_MSYBtrigger,1.90148388796207
elasmobranch,1957,SSB_MSYBtrigger,1.8585184534785
elasmobranch,1958,SSB_MSYBtrigger,1.8189188398162
elasmobranch,1959,SSB_MSYBtrigger,1.77345099072204
elasmobranch,1960,SSB_MSYBtrigger,1.73304650686335
elasmobranch,1961,SSB_MSYBtrigger,1.68384698685866
elasmobranch,1962,SSB_MSYBtrigger,1.62994995170779
elasmobranch,1963,SSB_MSYBtrigger,1.57734070887113
elasmobranch,1964,SSB_MSYBtrigger,1.51769251031697
elasmobranch,1965,SSB_MSYBtrigger,1.46133257236515
elasmobranch,1966,SSB_MSYBtrigger,1.42073491965932
elasmobranch,1967,SSB_MSYBtrigger,1.38934205519946
elasmobranch,1968,SSB_MSYBtrigger,1.35510434044546
elasmobranch,1969,SSB_MSYBtrigger,1.30253460941844
elasmobranch,1970,SSB_MSYBtrigger,1.25584774782685
elasmobranch,1971,SSB_MSYBtrigger,1.21552228758744
elasmobranch,1972,SSB_MSYBtrigger,1.17800509263324
elasmobranch,1973,SSB_MSYBtrigger,1.13351040477654
elasmobranch,1974,SSB_MSYBtrigger,1.09079082155296
elasmobranch,1975,SSB_MSYBtrigger,1.05410776480229
elasmobranch,1976,SSB_MSYBtrigger,1.02061345742968
elasmobranch,1977,SSB_MSYBtrigger,0.987763046214183
elasmobranch,1978,SSB_MSYBtrigger,0.957172125149998
elasmobranch,1979,SSB_MSYBtrigger,0.918296894664442
elasmobranch,1980,SSB_MSYBtrigger,0.89191471302719
elasmobranch,1981,SSB_MSYBtrigger,0.860419410542336
elasmobranch,1982,SSB_MSYBtrigger,0.829487517194954
elasmobranch,1983,SSB_MSYBtrigger,0.808941376181696
elasmobranch,1984,SSB_MSYBtrigger,0.77982409927708
elasmobranch,1985,SSB_MSYBtrigger,0.751643398600989
elasmobranch,1986,SSB_MSYBtrigger,0.717408610647701
elasmobranch,1987,SSB_MSYBtrigger,0.693498112213539
elasmobranch,1988,SSB_MSYBtrigger,0.65174290982527
elasmobranch,1989,SSB_MSYBtrigger,0.619897854655077
elasmobranch,1990,SSB_MSYBtrigger,0.594803465332046
elasmobranch,1991,SSB_MSYBtrigger,0.570856381888957
elasmobranch,1992,SSB_MSYBtrigger,0.546644422981239
elasmobranch,1993,SSB_MSYBtrigger,0.522019785172828
elasmobranch,1994,SSB_MSYBtrigger,0.502219978341675
elasmobranch,1995,SSB_MSYBtrigger,0.488320601750227
elasmobranch,1996,SSB_MSYBtrigger,0.473632452366318
elasmobranch,1997,SSB_MSYBtrigger,0.464404249714637
elasmobranch,1998,SSB_MSYBtrigger,0.457292123979278
elasmobranch,1999,SSB_MSYBtrigger,0.451431205549214
elasmobranch,2000,SSB_MSYBtrigger,0.447199051716569
elasmobranch,2001,SSB_MSYBtrigger,0.437293294699564
elasmobranch,2002,SSB_MSYBtrigger,0.426117306172623
elasmobranch,2003,SSB_MSYBtrigger,0.423282699680979
elasmobranch,2004,SSB_MSYBtrigger,0.418921766616911
elasmobranch,2005,SSB_MSYBtrigger,0.418924693417625
elasmobranch,2006,SSB_MSYBtrigger,0.420181754324348
elasmobranch,2007,SSB_MSYBtrigger,0.428135335265022
elasmobranch,2008,SSB_MSYBtrigger,0.438225480727017
elasmobranch,2009,SSB_MSYBtrigger,0.450436093306407
elasmobranch,2010,SSB_MSYBtrigger,0.462596950273656
elasmobranch,2011,SSB_MSYBtrigger,0.473635379167033
elasmobranch,2012,SSB_MSYBtrigger,0.484780636286475
elasmobranch,2013,SSB_MSYBtrigger,0.496484912342319
elasmobranch,2014,SSB_MSYBtrigger,0.508162847191735
elasmobranch,2015,SSB_MSYBtrigger,0.52019053472649
elasmobranch,2016,SSB_MSYBtrigger,0.532734802587292
elasmobranch,2017,SSB_MSYBtrigger,0.54545028828987
elasmobranch,2018,SSB_MSYBtrigger,0.558237480609945
pelagic,1978,F_FMEAN,1.01666293994007
pelagic,1979,F_FMEAN,0.80321989177586
pelagic,1980,F_FMEAN,0.685264523053531
pelagic,1981,F_FMEAN,0.685966638343545
pelagic,1982,F_FMEAN,0.534169312642547
pelagic,1983,F_FMEAN,0.554390232994946
pelagic,1984,F_FMEAN,0.588653459147623
pelagic,1985,F_FMEAN,0.598763919323823
pelagic,1986,F_FMEAN,0.680770985197442
pelagic,1987,F_FMEAN,0.703800366709897
pelagic,1988,F_FMEAN,0.766148204463128
pelagic,1989,F_FMEAN,1.02602447714026
pelagic,1990,F_FMEAN,1.65980054559277
pelagic,1991,F_FMEAN,0.981089098579372
pelagic,1992,F_FMEAN,0.713349134654085
pelagic,1993,F_FMEAN,1.0547777699694
pelagic,1994,F_FMEAN,0.539625751467798
pelagic,1995,F_FMEAN,0.627089256166668
pelagic,1996,F_FMEAN,1.02268107099734
pelagic,1997,F_FMEAN,1.16751742510877
pelagic,1998,F_FMEAN,1.50734122547548
pelagic,1999,F_FMEAN,0.997806129293988
pelagic,2000,F_FMEAN,0.996602503082535
pelagic,2001,F_FMEAN,1.18797907070346
pelagic,2002,F_FMEAN,1.18376637896337
pelagic,2003,F_FMEAN,1.13567148159742
pelagic,2004,F_FMEAN,1.24625463977461
pelagic,2005,F_FMEAN,0.937674969813515
pelagic,2006,F_FMEAN,0.85693171146192
pelagic,2007,F_FMEAN,0.932409105138411
pelagic,2008,F_FMEAN,1.20096820356871
pelagic,2009,F_FMEAN,1.24169089038952
pelagic,2010,F_FMEAN,1.0482581279907
pelagic,2011,F_FMEAN,1.13637359688744
pelagic,2012,F_FMEAN,1.21465945172398
pelagic,2013,F_FMEAN,1.53587719690533
pelagic,2014,F_FMEAN,1.58607844014132
pelagic,2015,F_FMEAN,1.34139126157149
pelagic,2016,F_FMEAN,1.50042037475963
pelagic,2017,F_FMEAN,1.29399847949555
pelagic,2018,F_FMEAN,0.671690294113263
pelagic,2019,F_FMEAN,0.940834488618577
pelagic,1978,F_FMSY,3.01666666666667
pelagic,1979,F_FMSY,2.38333333333333
pelagic,1980,F_FMSY,1.43550724637681
pelagic,1981,F_FMSY,1.25241168478261
pelagic,1982,F_FMSY,1.01626982961222
pelagic,1983,F_FMSY,1.04755850959655
pelagic,1984,F_FMSY,1.07577286525656
pelagic,1985,F_FMSY,1.05622111241676
pelagic,1986,F_FMSY,1.21190511163337
pelagic,1987,F_FMSY,1.2961919800235
pelagic,1988,F_FMSY,1.45181820407364
pelagic,1989,F_FMSY,1.49510061692127
pelagic,1990,F_FMSY,1.59853285350568
pelagic,1991,F_FMSY,1.43916030160595
pelagic,1992,F_FMSY,1.24093550071811
pelagic,1993,F_FMSY,1.29789862120025
pelagic,1994,F_FMSY,1.22537845404693
pelagic,1995,F_FMSY,1.36607511661859
pelagic,1996,F_FMSY,1.42520771759902
pelagic,1997,F_FMSY,1.72526610108132
pelagic,1998,F_FMSY,1.75165003813102
pelagic,1999,F_FMSY,1.64722478159978
pelagic,2000,F_FMSY,1.57140361087372
pelagic,2001,F_FMSY,1.62609847372076
pelagic,2002,F_FMSY,1.41976241952394
pelagic,2003,F_FMSY,1.37241202755606
pelagic,2004,F_FMSY,1.34272850274441
pelagic,2005,F_FMSY,1.26176866975381
pelagic,2006,F_FMSY,1.07125729605512
pelagic,2007,F_FMSY,1.11844044216346
pelagic,2008,F_FMSY,1.28322062770275
pelagic,2009,F_FMSY,1.28965370761447
pelagic,2010,F_FMSY,1.40099845161885
pelagic,2011,F_FMSY,1.46563743693565
pelagic,2012,F_FMSY,1.41082865552969
pelagic,2013,F_FMSY,1.46352087483083
pelagic,2014,F_FMSY,1.3789254460343
pelagic,2015,F_FMSY,1.18125750871394
pelagic,2016,F_FMSY,1.17450288140191
pelagic,2017,F_FMSY,1.09856659950317
pelagic,2018,F_FMSY,0.948025451340669
pelagic,2019,F_FMSY,1.046875
pelagic,1978,SSB_MSYBtrigger,1.16337426707981
pelagic,1979,SSB_MSYBtrigger,1.50955008726707
pelagic,1980,SSB_MSYBtrigger,1.73496893637831
pelagic,1981,SSB_MSYBtrigger,1.60938538397871
pelagic,1982,SSB_MSYBtrigger,1.58601228810692
pelagic,1983,SSB_MSYBtrigger,1.52196291011348
pelagic,1984,SSB_MSYBtrigger,1.7682420297267
pelagic,1985,SSB_MSYBtrigger,1.79421139226964
pelagic,1986,SSB_MSYBtrigger,1.88950612514478
pelagic,1987,SSB_MSYBtrigger,1.92358557224848
pelagic,1988,SSB_MSYBtrigger,1.9307954497341
pelagic,1989,SSB_MSYBtrigger,1.81865847851272
pelagic,1990,SSB_MSYBtrigger,1.74072061766066
pelagic,1991,SSB_MSYBtrigger,1.6870507408439
pelagic,1992,SSB_MSYBtrigger,1.7597486538848
pelagic,1993,SSB_MSYBtrigger,1.70867023273832
pelagic,1994,SSB_MSYBtrigger,1.54734140297051
pelagic,1995,SSB_MSYBtrigger,1.40294700016383
pelagic,1996,SSB_MSYBtrigger,1.29723725098418
pelagic,1997,SSB_MSYBtrigger,1.28212285897582
pelagic,1998,SSB_MSYBtrigger,1.30193516456827
pelagic,1999,SSB_MSYBtrigger,1.40726942795899
pelagic,2000,SSB_MSYBtrigger,1.33334901965764
pelagic,2001,SSB_MSYBtrigger,1.36886039481121
pelagic,2002,SSB_MSYBtrigger,1.4242554006727
pelagic,2003,SSB_MSYBtrigger,1.4779281121449
pelagic,2004,SSB_MSYBtrigger,1.59021897306304
pelagic,2005,SSB_MSYBtrigger,1.60422139180035
pelagic,2006,SSB_MSYBtrigger,1.57651151179067
pelagic,2007,SSB_MSYBtrigger,1.43716660213171
pelagic,2008,SSB_MSYBtrigger,1.37836689217091
pelagic,2009,SSB_MSYBtrigger,1.34141930563191
pelagic,2010,SSB_MSYBtrigger,1.3703595259314
pelagic,2011,SSB_MSYBtrigger,1.34294316709454
pelagic,2012,SSB_MSYBtrigger,1.29630267500783
pelagic,2013,SSB_MSYBtrigger,1.36190010048143
pelagic,2014,SSB_MSYBtrigger,1.57531815510552
pelagic,2015,SSB_MSYBtrigger,1.60300026547757
pelagic,2016,SSB_MSYBtrigger,1.65147945028531
pelagic,2017,SSB_MSYBtrigger,1.83789037761046
pelagic,2018,SSB_MSYBtrigger,1.94132008084437
pelagic,2019,SSB_MSYBtrigger,2.44196468693543
pelagic,2020,SSB_MSYBtrigger,1.92239377777778
pelagic,1980,SSB_SSBMEAN,2.77617760528233
pelagic,1981,SSB_SSBMEAN,2.25799843924781
pelagic,1982,SSB_SSBMEAN,1.95103082593365
pelagic,1983,SSB_SSBMEAN,1.98164830599369
pelagic,1984,SSB_SSBMEAN,2.08088622809885
pelagic,1985,SSB_SSBMEAN,2.20503713963287
pelagic,1986,SSB_SSBMEAN,2.32245569110894
pelagic,1987,SSB_SSBMEAN,1.91503793464074
pelagic,1988,SSB_SSBMEAN,1.8721332342792
pelagic,1989,SSB_SSBMEAN,1.77436589413015
pelagic,1990,SSB_SSBMEAN,1.73832014865633
pelagic,1991,SSB_SSBMEAN,1.45667129981687
pelagic,1992,SSB_SSBMEAN,1.26938233226044
pelagic,1993,SSB_SSBMEAN,1.17276270208522
pelagic,1994,SSB_SSBMEAN,1.06241105844397
pelagic,1995,SSB_SSBMEAN,0.988738336190353
pelagic,1996,SSB_SSBMEAN,0.925023095051017
pelagic,1997,SSB_SSBMEAN,0.92310273092314
pelagic,1998,SSB_SSBMEAN,1.02402716067145
pelagic,1999,SSB_SSBMEAN,1.11380021270228
pelagic,2000,SSB_SSBMEAN,1.07191972639578
pelagic,2001,SSB_SSBMEAN,1.06951437627583
pelagic,2002,SSB_SSBMEAN,1.10689981107986
pelagic,2003,SSB_SSBMEAN,1.22262091681247
pelagic,2004,SSB_SSBMEAN,1.35042787215902
pelagic,2005,SSB_SSBMEAN,1.25161895100555
pelagic,2006,SSB_SSBMEAN,1.21373059240805
pelagic,2007,SSB_SSBMEAN,1.11454049705245
pelagic,2008,SSB_SSBMEAN,1.08219256823107
pelagic,2009,SSB_SSBMEAN,1.11127215376772
pelagic,2010,SSB_SSBMEAN,1.18537949089486
pelagic,2011,SSB_SSBMEAN,1.26825991227821
pelagic,2012,SSB_SSBMEAN,1.29322917140595
pelagic,2013,SSB_SSBMEAN,1.37197729404638
pelagic,2014,SSB_SSBMEAN,1.56670777529173
pelagic,2015,SSB_SSBMEAN,1.58088140726599
pelagic,2016,SSB_SSBMEAN,1.58605419001802
pelagic,2017,SSB_SSBMEAN,1.69336103343416
pelagic,2018,SSB_SSBMEAN,1.8985774726825
pelagic,2019,SSB_SSBMEAN,1.82968503644083
pelagic,2020,SSB_SSBMEAN,2.90488861705012
MEAN,1978,F_FMEAN,0.975329647688788
MEAN,1979,F_FMEAN,0.903200581215477
MEAN,1980,F_FMEAN,0.89583211734142
MEAN,1981,F_FMEAN,0.885367933011236
MEAN,1982,F_FMEAN,0.772387351389393
MEAN,1983,F_FMEAN,0.818423183029705
MEAN,1984,F_FMEAN,0.787958252251317
MEAN,1985,F_FMEAN,0.816415585926397
MEAN,1986,F_FMEAN,0.902730383315042
MEAN,1987,F_FMEAN,0.96919175879887
MEAN,1988,F_FMEAN,1.14458265142615
MEAN,1989,F_FMEAN,1.23048984261666
MEAN,1990,F_FMEAN,1.35552528685713
MEAN,1991,F_FMEAN,1.09582184783089
MEAN,1992,F_FMEAN,1.03524245360668
MEAN,1993,F_FMEAN,1.13943466844905
MEAN,1994,F_FMEAN,0.942535912372393
MEAN,1995,F_FMEAN,0.979325684618832
MEAN,1996,F_FMEAN,1.10999405800668
MEAN,1997,F_FMEAN,1.16103959072466
MEAN,1998,F_FMEAN,1.2561084394562
MEAN,1999,F_FMEAN,1.03481794848846
MEAN,2000,F_FMEAN,1.02650334798102
MEAN,2001,F_FMEAN,1.05783048846367
MEAN,2002,F_FMEAN,1.05628216842678
MEAN,2003,F_FMEAN,1.11133336069442
MEAN,2004,F_FMEAN,1.18457410024633
MEAN,2005,F_FMEAN,1.07213114650646
MEAN,2006,F_FMEAN,1.00159128076824
MEAN,2007,F_FMEAN,1.00521359891146
MEAN,2008,F_FMEAN,1.04020908616287
MEAN,2009,F_FMEAN,1.01525515471719
MEAN,2010,F_FMEAN,0.883947188717208
MEAN,2011,F_FMEAN,0.919596634224681
MEAN,2012,F_FMEAN,0.958136685280997
MEAN,2013,F_FMEAN,1.07417981703936
MEAN,2014,F_FMEAN,1.10877425061925
MEAN,2015,F_FMEAN,0.9851861668126
MEAN,2016,F_FMEAN,1.01330428080879
MEAN,2017,F_FMEAN,0.914105668239944
MEAN,2018,F_FMEAN,0.597554185384003
MEAN,2019,F_FMEAN,0.940834488618577
MEAN,1978,F_FMSY,2.50833333333333
MEAN,1979,F_FMSY,2.26574074074074
MEAN,1980,F_FMSY,1.47709004294149
MEAN,1981,F_FMSY,1.39395747066943
MEAN,1982,F_FMSY,1.29005731274753
MEAN,1983,F_FMSY,1.3773822995701
MEAN,1984,F_FMSY,1.34759325227052
MEAN,1985,F_FMSY,1.38473738618799
MEAN,1986,F_FMSY,1.65374464382589
MEAN,1987,F_FMSY,1.75845053990641
MEAN,1988,F_FMSY,2.08056580011616
MEAN,1989,F_FMSY,2.11266194252758
MEAN,1990,F_FMSY,2.01024837045299
MEAN,1991,F_FMSY,1.95564255478335
MEAN,1992,F_FMSY,1.97140319506129
MEAN,1993,F_FMSY,1.84587158683517
MEAN,1994,F_FMSY,1.86161873893446
MEAN,1995,F_FMSY,1.94717300692619
MEAN,1996,F_FMSY,1.92348936927585
MEAN,1997,F_FMSY,2.04349915303241
MEAN,1998,F_FMSY,1.91117382634834
MEAN,1999,F_FMSY,1.82648384308476
MEAN,2000,F_FMSY,1.77757985710613
MEAN,2001,F_FMSY,1.74106769630192
MEAN,2002,F_FMSY,1.62588443836591
MEAN,2003,F_FMSY,1.57110777760401
MEAN,2004,F_FMSY,1.59452849170064
MEAN,2005,F_FMSY,1.61287235854629
MEAN,2006,F_FMSY,1.52373220497056
MEAN,2007,F_FMSY,1.46306689852541
MEAN,2008,F_FMSY,1.39804629346509
MEAN,2009,F_FMSY,1.34429873841321
MEAN,2010,F_FMSY,1.26273126004547
MEAN,2011,F_FMSY,1.31360134981004
MEAN,2012,F_FMSY,1.28723604742532
MEAN,2013,F_FMSY,1.27637921971329
MEAN,2014,F_FMSY,1.3292117955586
MEAN,2015,F_FMSY,1.21241947177263
MEAN,2016,F_FMSY,1.10241428355355
MEAN,2017,F_FMSY,1.02535015282695
MEAN,2018,F_FMSY,0.87594363787534
MEAN,2019,F_FMSY,1.046875
MEAN,1905,SSB_MSYBtrigger,2.37559633564551
MEAN,1906,SSB_MSYBtrigger,2.36525009512102
MEAN,1907,SSB_MSYBtrigger,2.3626159744783
MEAN,1908,SSB_MSYBtrigger,2.36125501214622
MEAN,1909,SSB_MSYBtrigger,2.36005502385343
MEAN,1910,SSB_MSYBtrigger,2.35809406737495
MEAN,1911,SSB_MSYBtrigger,2.35695261509644
MEAN,1912,SSB_MSYBtrigger,2.35535750870723
MEAN,1913,SSB_MSYBtrigger,2.35212339391811
MEAN,1914,SSB_MSYBtrigger,2.34787953288261
MEAN,1915,SSB_MSYBtrigger,2.3459332104077
MEAN,1916,SSB_MSYBtrigger,2.34420639798636
MEAN,1917,SSB_MSYBtrigger,2.34559662832558
MEAN,1918,SSB_MSYBtrigger,2.34727953873621
MEAN,1919,SSB_MSYBtrigger,2.34877220710042
MEAN,1920,SSB_MSYBtrigger,2.34707466268622
MEAN,1921,SSB_MSYBtrigger,2.34300640969356
MEAN,1922,SSB_MSYBtrigger,2.33784060643311
MEAN,1923,SSB_MSYBtrigger,2.3328504112155
MEAN,1924,SSB_MSYBtrigger,2.32780167998361
MEAN,1925,SSB_MSYBtrigger,2.3220651505839
MEAN,1926,SSB_MSYBtrigger,2.31616764714491
MEAN,1927,SSB_MSYBtrigger,2.30984575760236
MEAN,1928,SSB_MSYBtrigger,2.3023385137706
MEAN,1929,SSB_MSYBtrigger,2.29370445166389
MEAN,1930,SSB_MSYBtrigger,2.28588989375713
MEAN,1931,SSB_MSYBtrigger,2.2748704890684
MEAN,1932,SSB_MSYBtrigger,2.26461205256534
MEAN,1933,SSB_MSYBtrigger,2.2480024585126
MEAN,1934,SSB_MSYBtrigger,2.22726607545292
MEAN,1935,SSB_MSYBtrigger,2.20746626862177
MEAN,1936,SSB_MSYBtrigger,2.18605672139784
MEAN,1937,SSB_MSYBtrigger,2.16776421693447
MEAN,1938,SSB_MSYBtrigger,2.14619369567126
MEAN,1939,SSB_MSYBtrigger,2.13404747270758
MEAN,1940,SSB_MSYBtrigger,2.11991102525829
MEAN,1941,SSB_MSYBtrigger,2.1220036877689
MEAN,1942,SSB_MSYBtrigger,2.12525243656159
MEAN,1943,SSB_MSYBtrigger,2.12580852869728
MEAN,1944,SSB_MSYBtrigger,2.12996458571136
MEAN,1945,SSB_MSYBtrigger,2.13407674071472
MEAN,1946,SSB_MSYBtrigger,2.140032780168
MEAN,1947,SSB_MSYBtrigger,2.13985717212515
MEAN,1948,SSB_MSYBtrigger,2.13101823396845
MEAN,1949,SSB_MSYBtrigger,2.11878420698335
MEAN,1950,SSB_MSYBtrigger,2.10198437088419
MEAN,1951,SSB_MSYBtrigger,2.08338455234583
MEAN,1952,SSB_MSYBtrigger,2.0503409722832
MEAN,1953,SSB_MSYBtrigger,2.01104867269588
MEAN,1954,SSB_MSYBtrigger,1.97667339830831
MEAN,1955,SSB_MSYBtrigger,1.94024936342084
MEAN,1956,SSB_MSYBtrigger,1.90148388796207
MEAN,1957,SSB_MSYBtrigger,1.8585184534785
MEAN,1958,SSB_MSYBtrigger,1.8189188398162
MEAN,1959,SSB_MSYBtrigger,1.77345099072204
MEAN,1960,SSB_MSYBtrigger,1.73304650686335
MEAN,1961,SSB_MSYBtrigger,1.68384698685866
MEAN,1962,SSB_MSYBtrigger,1.62994995170779
MEAN,1963,SSB_MSYBtrigger,1.57734070887113
MEAN,1964,SSB_MSYBtrigger,1.51769251031697
MEAN,1965,SSB_MSYBtrigger,1.46133257236515
MEAN,1966,SSB_MSYBtrigger,1.42073491965932
MEAN,1967,SSB_MSYBtrigger,1.38934205519946
MEAN,1968,SSB_MSYBtrigger,1.35510434044546
MEAN,1969,SSB_MSYBtrigger,1.30253460941844
MEAN,1970,SSB_MSYBtrigger,1.25584774782685
MEAN,1971,SSB_MSYBtrigger,1.21552228758744
MEAN,1972,SSB_MSYBtrigger,1.17800509263324
MEAN,1973,SSB_MSYBtrigger,1.13351040477654
MEAN,1974,SSB_MSYBtrigger,1.09079082155296
MEAN,1975,SSB_MSYBtrigger,1.05410776480229
MEAN,1976,SSB_MSYBtrigger,1.02061345742968
MEAN,1977,SSB_MSYBtrigger,0.987763046214183
MEAN,1978,SSB_MSYBtrigger,1.13364641645756
MEAN,1979,SSB_MSYBtrigger,1.35627637492955
MEAN,1980,SSB_MSYBtrigger,1.73071492800856
MEAN,1981,SSB_MSYBtrigger,1.67187768016624
MEAN,1982,SSB_MSYBtrigger,1.84028990140397
MEAN,1983,SSB_MSYBtrigger,1.83596092475729
MEAN,1984,SSB_MSYBtrigger,1.81007234093591
MEAN,1985,SSB_MSYBtrigger,1.7532470778414
MEAN,1986,SSB_MSYBtrigger,1.74885951399168
MEAN,1987,SSB_MSYBtrigger,1.77458548997678
MEAN,1988,SSB_MSYBtrigger,1.71604496666875
MEAN,1989,SSB_MSYBtrigger,1.54117301695039
MEAN,1990,SSB_MSYBtrigger,1.442261657447
MEAN,1991,SSB_MSYBtrigger,1.36157258952773
MEAN,1992,SSB_MSYBtrigger,1.38190466200244
MEAN,1993,SSB_MSYBtrigger,1.33585821818897
MEAN,1994,SSB_MSYBtrigger,1.20846254218676
MEAN,1995,SSB_MSYBtrigger,1.12724432081012
MEAN,1996,SSB_MSYBtrigger,1.12765585962836
MEAN,1997,SSB_MSYBtrigger,1.11633341970979
MEAN,1998,SSB_MSYBtrigger,1.15530713270224
MEAN,1999,SSB_MSYBtrigger,1.1715050288393
MEAN,2000,SSB_MSYBtrigger,1.11746128841388
MEAN,2001,SSB_MSYBtrigger,1.08125985550322
MEAN,2002,SSB_MSYBtrigger,1.08828152628141
MEAN,2003,SSB_MSYBtrigger,1.12193267262571
MEAN,2004,SSB_MSYBtrigger,1.17646760239741
MEAN,2005,SSB_MSYBtrigger,1.19119213874292
MEAN,2006,SSB_MSYBtrigger,1.20332203641775
MEAN,2007,SSB_MSYBtrigger,1.19993761395298
MEAN,2008,SSB_MSYBtrigger,1.21302766705671
MEAN,2009,SSB_MSYBtrigger,1.24517056377537
MEAN,2010,SSB_MSYBtrigger,1.32483617221419
MEAN,2011,SSB_MSYBtrigger,1.43741199306966
MEAN,2012,SSB_MSYBtrigger,1.49319775200799
MEAN,2013,SSB_MSYBtrigger,1.51978337083074
MEAN,2014,SSB_MSYBtrigger,1.67138264384906
MEAN,2015,SSB_MSYBtrigger,1.73784622615636
MEAN,2016,SSB_MSYBtrigger,1.86239768477525
MEAN,2017,SSB_MSYBtrigger,1.96934003846107
MEAN,2018,SSB_MSYBtrigger,2.05611579248531
MEAN,2019,SSB_MSYBtrigger,2.46531480394776
MEAN,2020,SSB_MSYBtrigger,1.92239377777778
MEAN,1978,SSB_SSBMEAN,2.34520993816458
MEAN,1979,SSB_SSBMEAN,3.00567720938933
MEAN,1980,SSB_SSBMEAN,2.31584920639014
MEAN,1981,SSB_SSBMEAN,2.02516698662175
MEAN,1982,SSB_SSBMEAN,1.71701407743539
MEAN,1983,SSB_SSBMEAN,1.73793670960288
MEAN,1984,SSB_SSBMEAN,2.01027659233848
MEAN,1985,SSB_SSBMEAN,2.06600256270203
MEAN,1986,SSB_SSBMEAN,1.79772764083035
MEAN,1987,SSB_SSBMEAN,1.68222231617264
MEAN,1988,SSB_SSBMEAN,1.58913503646437
MEAN,1989,SSB_SSBMEAN,1.44283008174046
MEAN,1990,SSB_SSBMEAN,1.34560196695552
MEAN,1991,SSB_SSBMEAN,1.25233212403479
MEAN,1992,SSB_SSBMEAN,1.1691886866348
MEAN,1993,SSB_SSBMEAN,1.1375461044011
MEAN,1994,SSB_SSBMEAN,1.03821437013771
MEAN,1995,SSB_SSBMEAN,1.0173938356091
MEAN,1996,SSB_SSBMEAN,0.989224379937287
MEAN,1997,SSB_SSBMEAN,0.989806268889464
MEAN,1998,SSB_SSBMEAN,1.0320923281723
MEAN,1999,SSB_SSBMEAN,1.02898998945529
MEAN,2000,SSB_SSBMEAN,0.985373160447347
MEAN,2001,SSB_SSBMEAN,0.998402452172902
MEAN,2002,SSB_SSBMEAN,0.982978849227334
MEAN,2003,SSB_SSBMEAN,1.02780414125359
MEAN,2004,SSB_SSBMEAN,1.07864021575066
MEAN,2005,SSB_SSBMEAN,1.04038444925512
MEAN,2006,SSB_SSBMEAN,1.01850149994737
MEAN,2007,SSB_SSBMEAN,1.01087136329311
MEAN,2008,SSB_SSBMEAN,1.05134068087692
MEAN,2009,SSB_SSBMEAN,1.18263797011359
MEAN,2010,SSB_SSBMEAN,1.31887966186468
MEAN,2011,SSB_SSBMEAN,1.4952411803532
MEAN,2012,SSB_SSBMEAN,1.58130037982353
MEAN,2013,SSB_SSBMEAN,1.64056552623234
MEAN,2014,SSB_SSBMEAN,1.83831639987743
MEAN,2015,SSB_SSBMEAN,1.94613036848715
MEAN,2016,SSB_SSBMEAN,2.0698989114638
MEAN,2017,SSB_SSBMEAN,2.13539680526329
MEAN,2018,SSB_SSBMEAN,2.35209373464592
MEAN,2019,SSB_SSBMEAN,2.46055336451962
MEAN,2020,SSB_SSBMEAN,2.90488861705012
